Check_Time_UTC,Target_Sheet,Status,Notes
2025-12-14 18:27:19,December 12,FOUND,Row count: 80
2025-12-15 05:57:30,December 15,FOUND,Row count: 62
2025-12-15 06:03:04,December 15,FOUND,Row count: 62
2025-12-15 07:04:31,December 15,FOUND,Row count: 78
2025-12-15 08:02:59,December 15,FOUND,Row count: 78
2025-12-15 09:05:15,December 15,FOUND,Row count: 78
2025-12-15 10:03:00,December 15,FOUND,Row count: 78
2025-12-15 11:02:12,December 15,FOUND,Row count: 78
2025-12-15 12:03:06,December 15,FOUND,Row count: 78
2025-12-15 13:14:51,December 15,FOUND,Row count: 78
2025-12-15 14:03:42,December 15,FOUND,Row count: 78
2025-12-15 15:03:41,December 15,FOUND,Row count: 78
2025-12-15 16:03:12,December 15,FOUND,Row count: 78
2025-12-15 17:05:33,December 15,FOUND,Row count: 78
2025-12-15 18:02:51,December 15,FOUND,Row count: 78
2025-12-15 19:03:47,December 15,FOUND,Row count: 78
2025-12-15 20:02:35,December 15,FOUND,Row count: 78
2025-12-15 21:02:10,December 15,FOUND,Row count: 78
2025-12-15 22:02:11,December 15,FOUND,Row count: 78
2025-12-15 23:02:12,December 15,FOUND,Row count: 78
2025-12-16 00:06:39,December 16,FOUND,Row count: 76
2025-12-16 01:30:11,December 16,FOUND,Row count: 76
2025-12-16 02:34:22,December 16,FOUND,Row count: 76
2025-12-16 03:29:02,December 16,FOUND,Row count: 76
2025-12-16 04:12:07,December 16,FOUND,Row count: 9
2025-12-16 05:03:42,December 16,FOUND,Row count: 44
2025-12-16 06:02:54,December 16,FOUND,Row count: 76
2025-12-16 07:04:08,December 16,FOUND,Row count: 76
2025-12-16 08:02:51,December 16,FOUND,Row count: 76
2025-12-16 09:04:27,December 16,FOUND,Row count: 76
2025-12-16 10:02:47,December 16,FOUND,Row count: 76
2025-12-16 11:02:03,December 16,FOUND,Row count: 76
2025-12-16 12:03:05,December 16,FOUND,Row count: 76
2025-12-16 13:14:12,December 16,FOUND,Row count: 76
2025-12-16 14:03:12,December 16,FOUND,Row count: 76
2025-12-16 15:03:06,December 16,FOUND,Row count: 76
2025-12-16 16:02:53,December 16,FOUND,Row count: 76
2025-12-16 17:05:02,December 16,FOUND,Row count: 76
2025-12-16 18:03:00,December 16,FOUND,Row count: 76
2025-12-16 19:03:33,December 16,FOUND,Row count: 76
2025-12-16 20:02:36,December 16,FOUND,Row count: 76
2025-12-16 21:02:13,December 16,FOUND,Row count: 76
2025-12-16 22:02:05,December 16,FOUND,Row count: 76
2025-12-16 23:02:38,December 16,FOUND,Row count: 76
2025-12-17 00:04:57,December 17,FOUND,Row count: 76
2025-12-17 01:30:15,December 17,FOUND,Row count: 76
2025-12-17 02:32:20,December 17,FOUND,Row count: 76
2025-12-17 03:27:19,December 17,FOUND,Row count: 76
2025-12-17 04:09:29,December 17,FOUND,Row count: 76
2025-12-17 05:03:33,December 17,FOUND,Row count: 76
2025-12-17 06:02:53,December 17,FOUND,Row count: 76
2025-12-17 07:03:33,December 17,FOUND,Row count: 76
2025-12-17 08:02:45,December 17,FOUND,Row count: 76
2025-12-17 09:04:44,December 17,FOUND,Row count: 76
2025-12-17 10:02:45,December 17,FOUND,Row count: 76
2025-12-17 11:02:55,December 17,FOUND,Row count: 76
2025-12-17 12:02:57,December 17,FOUND,Row count: 76
2025-12-17 13:13:43,December 17,FOUND,Row count: 76
2025-12-17 14:02:24,December 17,FOUND,Row count: 76
2025-12-17 15:02:35,December 17,FOUND,Row count: 76
2025-12-17 16:02:51,December 17,FOUND,Row count: 76
2025-12-17 17:04:37,December 17,FOUND,Row count: 76
2025-12-17 18:02:59,December 17,FOUND,Row count: 76
2025-12-17 19:03:43,December 17,FOUND,Row count: 76
2025-12-17 20:02:38,December 17,FOUND,Row count: 76
2025-12-17 21:01:56,December 17,FOUND,Row count: 76
2025-12-17 22:02:24,December 17,FOUND,Row count: 76
2025-12-17 23:02:05,December 17,FOUND,Row count: 76
2025-12-18 00:05:06,December 18,FOUND,Row count: 76
2025-12-18 01:29:58,December 18,FOUND,Row count: 76
2025-12-18 02:32:20,December 18,FOUND,Row count: 76
2025-12-18 03:27:42,December 18,FOUND,Row count: 0
2025-12-18 04:09:59,December 18,FOUND,Row count: 13
2025-12-18 05:03:44,December 18,FOUND,Row count: 13
2025-12-18 06:02:55,December 18,FOUND,Row count: 13
2025-12-18 07:03:23,December 18,FOUND,Row count: 13
2025-12-18 08:02:43,December 18,FOUND,Row count: 62
2025-12-18 09:04:26,December 18,FOUND,Row count: 64
2025-12-18 10:02:19,December 18,FOUND,Row count: 64
2025-12-18 11:01:56,December 18,FOUND,Row count: 76
2025-12-18 12:03:04,December 18,FOUND,Row count: 76
2025-12-18 13:13:32,December 18,FOUND,Row count: 76
2025-12-18 14:02:56,December 18,FOUND,Row count: 76
2025-12-18 15:02:13,December 18,FOUND,Row count: 76
2025-12-18 16:02:30,December 18,FOUND,Row count: 76
2025-12-18 17:04:35,December 18,FOUND,Row count: 76
2025-12-18 18:03:07,December 18,FOUND,Row count: 76
2025-12-18 19:03:36,December 18,FOUND,Row count: 76
2025-12-18 20:02:09,December 18,FOUND,Row count: 76
2025-12-18 21:02:13,December 18,FOUND,Row count: 76
2025-12-18 22:02:36,December 18,FOUND,Row count: 76
2025-12-18 23:02:19,December 18,FOUND,Row count: 76
2025-12-19 00:06:26,December 19,FOUND,Row count: 76
2025-12-19 01:30:01,December 19,FOUND,Row count: 76
2025-12-19 02:33:42,December 19,FOUND,Row count: 76
2025-12-19 03:28:43,December 19,FOUND,Row count: 76
2025-12-19 04:11:40,December 19,FOUND,Row count: 1
2025-12-19 05:03:21,December 19,FOUND,Row count: 30
2025-12-19 06:02:38,December 19,FOUND,Row count: 55
2025-12-19 07:03:20,December 19,FOUND,Row count: 55
2025-12-19 08:02:49,December 19,FOUND,Row count: 55
2025-12-19 09:03:37,December 19,FOUND,Row count: 55
2025-12-19 10:02:48,December 19,FOUND,Row count: 71
2025-12-19 11:02:01,December 19,FOUND,Row count: 71
2025-12-19 12:02:49,December 19,FOUND,Row count: 71
2025-12-19 13:12:06,December 19,FOUND,Row count: 71
2025-12-19 14:02:08,December 19,FOUND,Row count: 71
2025-12-19 15:02:37,December 19,FOUND,Row count: 71
2025-12-19 16:02:36,December 19,FOUND,Row count: 71
2025-12-19 17:02:46,December 19,FOUND,Row count: 71
2025-12-19 18:02:40,December 19,FOUND,Row count: 71
2025-12-19 19:02:25,December 19,FOUND,Row count: 71
2025-12-19 20:02:32,December 19,FOUND,Row count: 71
2025-12-19 21:01:59,December 19,FOUND,Row count: 71
2025-12-19 22:02:38,December 19,FOUND,Row count: 71
2025-12-19 23:01:50,December 19,FOUND,Row count: 71
2025-12-20 00:05:56,December 19,FOUND,Row count: 71
2025-12-20 01:29:20,December 19,FOUND,Row count: 71
2025-12-20 02:30:53,December 19,FOUND,Row count: 71
2025-12-20 03:23:36,December 19,FOUND,Row count: 71
2025-12-20 04:05:19,December 19,FOUND,Row count: 71
2025-12-20 05:02:29,December 19,FOUND,Row count: 71
2025-12-20 06:02:33,December 19,FOUND,Row count: 71
2025-12-20 07:02:36,December 19,FOUND,Row count: 71
2025-12-20 08:02:37,December 19,FOUND,Row count: 71
2025-12-20 09:02:27,December 19,FOUND,Row count: 71
2025-12-20 10:01:54,December 19,FOUND,Row count: 71
2025-12-20 11:01:47,December 19,FOUND,Row count: 71
2025-12-20 12:02:47,December 19,FOUND,Row count: 71
2025-12-20 13:08:49,December 19,FOUND,Row count: 71
2025-12-20 14:01:57,December 19,FOUND,Row count: 71
2025-12-20 15:01:50,December 19,FOUND,Row count: 71
2025-12-20 16:02:27,December 19,FOUND,Row count: 71
2025-12-20 17:01:47,December 19,FOUND,Row count: 71
2025-12-20 18:02:27,December 19,FOUND,Row count: 71
2025-12-20 19:01:45,December 19,FOUND,Row count: 71
2025-12-20 20:02:09,December 19,FOUND,Row count: 71
2025-12-20 21:01:54,December 19,FOUND,Row count: 71
2025-12-20 22:01:59,December 19,FOUND,Row count: 71
2025-12-20 23:02:21,December 19,FOUND,Row count: 71
2025-12-21 00:06:05,December 19,FOUND,Row count: 71
2025-12-21 01:30:12,December 19,FOUND,Row count: 71
2025-12-21 02:38:19,December 19,FOUND,Row count: 71
2025-12-21 03:29:50,December 19,FOUND,Row count: 71
2025-12-21 04:14:12,December 19,FOUND,Row count: 71
2025-12-21 05:02:59,December 19,FOUND,Row count: 71
2025-12-21 06:02:37,December 19,FOUND,Row count: 71
2025-12-21 07:02:07,December 19,FOUND,Row count: 71
2025-12-21 08:02:33,December 19,FOUND,Row count: 71
2025-12-21 09:02:36,December 19,FOUND,Row count: 71
2025-12-21 10:01:46,December 19,FOUND,Row count: 71
2025-12-21 11:01:40,December 19,FOUND,Row count: 71
2025-12-21 12:02:51,December 19,FOUND,Row count: 71
2025-12-21 13:09:11,December 19,FOUND,Row count: 71
2025-12-21 14:02:01,December 19,FOUND,Row count: 71
2025-12-21 15:02:07,December 19,FOUND,Row count: 71
2025-12-21 16:02:26,December 19,FOUND,Row count: 71
2025-12-21 17:02:16,December 19,FOUND,Row count: 71
2025-12-21 18:02:30,December 19,FOUND,Row count: 71
2025-12-21 19:01:39,December 19,FOUND,Row count: 71
2025-12-21 20:02:01,December 19,FOUND,Row count: 71
2025-12-21 21:02:00,December 19,FOUND,Row count: 71
2025-12-21 22:01:52,December 19,FOUND,Row count: 71
2025-12-21 23:01:46,December 19,FOUND,Row count: 71
2025-12-22 00:06:11,December 22,FOUND,Row count: 76
2025-12-22 01:30:24,December 22,FOUND,Row count: 76
2025-12-22 02:38:23,December 22,FOUND,Row count: 76
2025-12-22 03:30:33,December 22,FOUND,Row count: 76
2025-12-22 04:16:14,December 22,FOUND,Row count: 1
2025-12-22 05:04:19,December 22,FOUND,Row count: 57
2025-12-22 06:02:52,December 22,FOUND,Row count: 76
2025-12-22 07:04:21,December 22,FOUND,Row count: 76
2025-12-22 08:02:48,December 22,FOUND,Row count: 76
2025-12-22 09:04:00,December 22,FOUND,Row count: 76
2025-12-22 10:02:34,December 22,FOUND,Row count: 76
2025-12-22 11:01:48,December 22,FOUND,Row count: 76
2025-12-22 12:03:00,December 22,FOUND,Row count: 76
2025-12-22 13:12:25,December 22,FOUND,Row count: 76
2025-12-22 14:02:08,December 22,FOUND,Row count: 76
2025-12-22 15:02:32,December 22,FOUND,Row count: 76
2025-12-22 16:02:24,December 22,FOUND,Row count: 76
2025-12-22 17:02:27,December 22,FOUND,Row count: 76
2025-12-22 18:02:46,December 22,FOUND,Row count: 76
2025-12-22 19:02:29,December 22,FOUND,Row count: 76
2025-12-22 20:02:33,December 22,FOUND,Row count: 76
2025-12-22 21:02:03,December 22,FOUND,Row count: 76
2025-12-22 22:02:26,December 22,FOUND,Row count: 76
2025-12-22 23:02:03,December 22,FOUND,Row count: 76
2025-12-23 00:05:58,December 23,FOUND,Row count: 76
2025-12-23 01:30:13,December 23,FOUND,Row count: 76
2025-12-23 02:35:12,December 23,FOUND,Row count: 76
2025-12-23 03:29:43,December 23,FOUND,Row count: 76
2025-12-23 04:13:51,December 23,FOUND,Row count: 8
2025-12-23 05:03:52,December 23,FOUND,Row count: 26
2025-12-23 06:02:49,December 23,FOUND,Row count: 72
2025-12-23 07:04:12,December 23,FOUND,Row count: 72
2025-12-23 08:02:36,December 23,FOUND,Row count: 72
2025-12-23 09:04:11,December 23,FOUND,Row count: 72
2025-12-23 10:02:47,December 23,FOUND,Row count: 72
2025-12-23 11:01:54,December 23,FOUND,Row count: 72
2025-12-23 12:02:51,December 23,FOUND,Row count: 72
2025-12-23 13:13:24,December 23,FOUND,Row count: 72
2025-12-23 14:01:58,December 23,FOUND,Row count: 72
2025-12-23 15:02:41,December 23,FOUND,Row count: 72
2025-12-23 16:02:51,December 23,FOUND,Row count: 72
2025-12-23 17:03:22,December 23,FOUND,Row count: 72
2025-12-23 18:02:41,December 23,FOUND,Row count: 72
2025-12-23 19:03:22,December 23,FOUND,Row count: 72
2025-12-23 20:01:53,December 23,FOUND,Row count: 72
2025-12-23 21:02:11,December 23,FOUND,Row count: 72
2025-12-23 22:02:39,December 23,FOUND,Row count: 72
2025-12-23 23:02:27,December 23,FOUND,Row count: 72
2025-12-24 00:05:57,December 24,FOUND,Row count: 76
2025-12-24 01:30:01,December 24,FOUND,Row count: 76
2025-12-24 02:33:17,December 24,FOUND,Row count: 76
2025-12-24 03:28:53,December 24,FOUND,Row count: 76
2025-12-24 04:12:19,December 24,FOUND,Row count: 3
2025-12-24 05:04:17,December 24,FOUND,Row count: 21
2025-12-24 06:02:49,December 24,FOUND,Row count: 55
2025-12-24 07:03:53,December 24,FOUND,Row count: 75
2025-12-24 08:02:42,December 24,FOUND,Row count: 75
2025-12-24 09:04:06,December 24,FOUND,Row count: 75
2025-12-24 10:02:11,December 24,FOUND,Row count: 75
2025-12-24 11:01:55,December 24,FOUND,Row count: 75
2025-12-24 12:02:51,December 24,FOUND,Row count: 75
2025-12-24 13:11:58,December 24,FOUND,Row count: 75
2025-12-24 14:02:31,December 24,FOUND,Row count: 75
2025-12-24 15:02:28,December 24,FOUND,Row count: 75
2025-12-24 16:02:39,December 24,FOUND,Row count: 75
2025-12-24 17:01:45,December 24,FOUND,Row count: 75
2025-12-24 18:02:45,December 24,FOUND,Row count: 75
2025-12-24 19:01:42,December 24,FOUND,Row count: 75
2025-12-24 20:02:31,December 24,FOUND,Row count: 75
2025-12-24 21:01:41,December 24,FOUND,Row count: 75
2025-12-24 22:02:27,December 24,FOUND,Row count: 75
2025-12-24 23:02:06,December 24,FOUND,Row count: 75
2025-12-25 00:05:52,December 25,FOUND,Row count: 76
2025-12-25 01:30:09,December 25,FOUND,Row count: 76
2025-12-25 02:35:17,December 25,FOUND,Row count: 76
2025-12-25 03:29:33,December 25,FOUND,Row count: 76
2025-12-25 04:13:41,December 25,FOUND,Row count: 76
2025-12-25 05:04:27,December 25,FOUND,Row count: 76
2025-12-25 06:02:49,December 25,FOUND,Row count: 76
2025-12-25 07:03:39,December 25,FOUND,Row count: 2
2025-12-25 08:02:32,December 25,FOUND,Row count: 2
2025-12-25 09:02:48,December 25,FOUND,Row count: 2
2025-12-25 10:02:28,December 25,FOUND,Row count: 40
2025-12-25 11:01:51,December 25,FOUND,Row count: 66
2025-12-25 12:02:43,December 25,FOUND,Row count: 68
2025-12-25 13:11:47,December 25,FOUND,Row count: 75
2025-12-25 14:01:52,December 25,FOUND,Row count: 75
2025-12-25 15:02:01,December 25,FOUND,Row count: 75
2025-12-25 16:02:34,December 25,FOUND,Row count: 75
2025-12-25 17:01:52,December 25,FOUND,Row count: 75
2025-12-25 18:02:36,December 25,FOUND,Row count: 75
2025-12-25 19:01:50,December 25,FOUND,Row count: 75
2025-12-25 20:02:13,December 25,FOUND,Row count: 75
2025-12-25 21:02:03,December 25,FOUND,Row count: 75
2025-12-25 22:01:57,December 25,FOUND,Row count: 75
2025-12-25 23:01:50,December 25,FOUND,Row count: 75
2025-12-26 00:06:00,December 26,FOUND,Row count: 76
2025-12-26 01:29:59,December 26,FOUND,Row count: 76
2025-12-26 02:34:17,December 26,FOUND,Row count: 76
2025-12-26 03:29:08,December 26,FOUND,Row count: 76
2025-12-26 04:11:40,December 26,FOUND,Row count: 76
2025-12-26 05:03:12,December 26,FOUND,Row count: 0
2025-12-26 06:02:40,December 26,FOUND,Row count: 15
2025-12-26 07:03:27,December 26,FOUND,Row count: 15
2025-12-26 08:02:37,December 26,FOUND,Row count: 53
2025-12-26 09:02:33,December 26,FOUND,Row count: 76
2025-12-26 10:02:32,December 26,FOUND,Row count: 76
2025-12-26 11:01:54,December 26,FOUND,Row count: 76
2025-12-26 12:02:48,December 26,FOUND,Row count: 76
2025-12-26 13:12:04,December 26,FOUND,Row count: 76
2025-12-26 14:02:19,December 26,FOUND,Row count: 76
2025-12-26 15:02:25,December 26,FOUND,Row count: 76
2025-12-26 16:02:29,December 26,FOUND,Row count: 76
2025-12-26 17:02:01,December 26,FOUND,Row count: 76
2025-12-26 18:02:40,December 26,FOUND,Row count: 76
